<?xml version="1.0" encoding="utf-8"?><feed xmlns="http://www.w3.org/2005/Atom" xml:lang="en-US"><generator uri="https://jekyllrb.com/" version="3.9.0">Jekyll</generator><link href="http://localhost:4000/COW/feed.xml" rel="self" type="application/atom+xml" /><link href="http://localhost:4000/COW/" rel="alternate" type="text/html" hreflang="en-US" /><updated>2023-06-14T14:42:28+02:00</updated><id>http://localhost:4000/COW/feed.xml</id><title type="html">Diffusion in Diffusion</title><subtitle>Cyclic One-Way Diffusion for Text-Vision-Conditioned Generation
</subtitle><entry><title type="html">Jekyll Doc Theme is published!</title><link href="http://localhost:4000/COW/blog/2017/05/03/jekyll-doc-theme/" rel="alternate" type="text/html" title="Jekyll Doc Theme is published!" /><published>2017-05-03T00:00:00+02:00</published><updated>2017-05-03T00:00:00+02:00</updated><id>http://localhost:4000/COW/blog/2017/05/03/jekyll-doc-theme</id><content type="html" xml:base="http://localhost:4000/COW/blog/2017/05/03/jekyll-doc-theme/">&lt;p&gt;A new custom Jekyll theme for documentation and blogging is out. It is ideal for Open Source Software projects to publish under &lt;a href=&quot;https://pages.github.com&quot;&gt;GitHub Pages&lt;/a&gt;.&lt;/p&gt;

&lt;p&gt;Your contribution is welcome!&lt;/p&gt;</content><author><name>aksakalli</name></author><summary type="html">A new custom Jekyll theme for documentation and blogging is out. It is ideal for Open Source Software projects to publish under GitHub Pages.</summary></entry><entry><title type="html">Welcome to Jekyll!</title><link href="http://localhost:4000/COW/blog/2017/02/01/welcome-to-jekyll/" rel="alternate" type="text/html" title="Welcome to Jekyll!" /><published>2017-02-01T10:41:09+01:00</published><updated>2017-02-01T10:41:09+01:00</updated><id>http://localhost:4000/COW/blog/2017/02/01/welcome-to-jekyll</id><content type="html" xml:base="http://localhost:4000/COW/blog/2017/02/01/welcome-to-jekyll/">&lt;p&gt;You’ll find this post in your &lt;code class=&quot;language-plaintext highlighter-rouge&quot;&gt;_posts&lt;/code&gt; directory. Go ahead and edit it and re-build the site to see your changes. You can rebuild the site in many different ways, but the most common way is to run &lt;code class=&quot;language-plaintext highlighter-rouge&quot;&gt;jekyll serve&lt;/code&gt;, which launches a web server and auto-regenerates your site when a file is updated.&lt;/p&gt;

&lt;p&gt;To add new posts, simply add a file in the &lt;code class=&quot;language-plaintext highlighter-rouge&quot;&gt;_posts&lt;/code&gt; directory that follows the convention &lt;code class=&quot;language-plaintext highlighter-rouge&quot;&gt;YYYY-MM-DD-name-of-post.ext&lt;/code&gt; and includes the necessary front matter. Take a look at the source for this post to get an idea about how it works.&lt;/p&gt;

&lt;p&gt;Jekyll also offers powerful support for code snippets:&lt;/p&gt;

&lt;figure class=&quot;highlight&quot;&gt;&lt;pre&gt;&lt;code class=&quot;language-ruby&quot; data-lang=&quot;ruby&quot;&gt;&lt;span class=&quot;k&quot;&gt;def&lt;/span&gt; &lt;span class=&quot;nf&quot;&gt;print_hi&lt;/span&gt;&lt;span class=&quot;p&quot;&gt;(&lt;/span&gt;&lt;span class=&quot;nb&quot;&gt;name&lt;/span&gt;&lt;span class=&quot;p&quot;&gt;)&lt;/span&gt;
  &lt;span class=&quot;nb&quot;&gt;puts&lt;/span&gt; &lt;span class=&quot;s2&quot;&gt;&quot;Hi, &lt;/span&gt;&lt;span class=&quot;si&quot;&gt;#{&lt;/span&gt;&lt;span class=&quot;nb&quot;&gt;name&lt;/span&gt;&lt;span class=&quot;si&quot;&gt;}&lt;/span&gt;&lt;span class=&quot;s2&quot;&gt;&quot;&lt;/span&gt;
&lt;span class=&quot;k&quot;&gt;end&lt;/span&gt;
&lt;span class=&quot;n&quot;&gt;print_hi&lt;/span&gt;&lt;span class=&quot;p&quot;&gt;(&lt;/span&gt;&lt;span class=&quot;s1&quot;&gt;&apos;Tom&apos;&lt;/span&gt;&lt;span class=&quot;p&quot;&gt;)&lt;/span&gt;
&lt;span class=&quot;c1&quot;&gt;#=&amp;gt; prints &apos;Hi, Tom&apos; to STDOUT.&lt;/span&gt;&lt;/code&gt;&lt;/pre&gt;&lt;/figure&gt;

&lt;p&gt;Check out the &lt;a href=&quot;http://jekyllrb.com&quot;&gt;Jekyll docs&lt;/a&gt; for more info on how to get the most out of Jekyll. File all bugs/feature requests at &lt;a href=&quot;https://github.com/jekyll/jekyll&quot;&gt;Jekyll’s GitHub repo&lt;/a&gt;. If you have questions, you can ask them on &lt;a href=&quot;https://github.com/jekyll/jekyll-help&quot;&gt;Jekyll’s dedicated Help repository&lt;/a&gt;.&lt;/p&gt;</content><author><name>Jekyll</name></author><summary type="html">You’ll find this post in your _posts directory. Go ahead and edit it and re-build the site to see your changes. You can rebuild the site in many different ways, but the most common way is to run jekyll serve, which launches a web server and auto-regenerates your site when a file is updated.</summary></entry></feed>